s01_051017m.set	239486880
s01_060227n.set	235377456
s01_060926_1n.set	288413208
s01_060926_2n.set	254962600
s01_061102n.set	417102992
s02_050921m.set	240214352
s02_051115m.set	253671896
s04_051130m.set	248677576
s05_051120m.set	248677576
s05_060308n.set	244684856
s05_061019m.set	418129200
s05_061101n.set	436452680
s06_051119m.set	243106080
s09_060313n.set	257651112
s09_060317n.set	173191672
s09_060720_1n.set	230229760
s11_060920_1n.set	256195312
s12_060710_1m.set	280201528
s12_060710_2m.set	278459808
s13_060213m.set	253986080
s13_060217m.set	234173376
s14_060319m.set	189013448
s14_060319n.set	217155328
s22_080513m.set	258051936
s22_090825n.set	381488848
s22_090922m.set	363550416
s22_091006m.set	359421840
s23_060711_1m.set	279417848
s31_061020m.set	467252072
s31_061103n.set	412334424
s35_070115m.set	431034360
s35_070322n.set	394950272
s40_070124n.set	428109120
s40_070131m.set	434313464
s41_061225n.set	420599384
s41_080520m.set	252812832
s41_080530n.set	249709752
s41_090813m.set	380271520
s41_091104n.set	360083728
s42_061229n.set	177919960
s42_070105n.set	431031048
s43_070202m.set	432551904
s43_070205n.set	435084824
s43_070208n.set	385545032
s44_070126m.set	413491168
s44_070205n.set	423392576
s44_070209m.set	451078968
s44_070325n.set	410577368
s45_070307n.set	432632312
s45_070321n.set	396585424
s48_080501n.set	239403592
s49_080522n.set	200120320
s49_080527n.set	253201816
s49_080602m.set	240031728
s50_080725n.set	244812688
s50_080731m.set	240191624
s52_081017n.set	222946544
s53_081018n.set	243059624
s53_090918n.set	360238696
s53_090925m.set	358292984
s54_081226m.set	162827392
s55_090930n.set	358406688
code availability.zip	25120436
Tutorial Data Analysis for Multi-channel EEG Recordings during a Sustained-attention Driving Task.pdf	3877719
